{"cameraMode":{"drawMode":0,"name":"Shaded","section":"Shading Mode"},"sceneLighting":true,"audioPlay":false,"sceneViewState":{"showFog":false,"showMaterialUpdate":false,"showSkybox":true,"showFlares":true,"showImageEffects":true,"showParticleSystems":true},"in2DMode":false,"pivot":{"x":-6.411584854125977,"y":-16.71378517150879,"z":-11.44299602508545},"rotation":{"x":0.11760034412145615,"y":-0.8642563223838806,"z":0.42745107412338259,"w":0.23777049779891969},"size":23.354446411132814,"orthographic":false}